{
  "total_consumption_accuracy": 86.62167994687914,
  "trend_correlation": 0.5086692042174689,
  "total_actual": 75300.0,
  "total_predicted": 85373.875
}