{
  "total_consumption_accuracy": 54.43559676550244,
  "trend_correlation": 0.6885776374022294,
  "total_actual": 422.7,
  "total_predicted": 615.3007324722212
}